{
 	"Format": "1.29.1",
	//If you're looking in here, you're probably a mod author. I've tried to keep my mod clean and concise to make picking it apart as easy as possible, but as this is my first attempt at doing this there are bound to be mistakes, inefficient decisions, and missing pieces. So take what you see inside my mod with a grain of salt. If you have any questions just ping me in discord in #making-mods or something. Good luck with whatever it is you're doing!

 	"CustomLocations": [
 	//Adds custom locations 
	{
         	"Name": "Custom_sydBeach",
         	"FromMapFile": "assets/maps/Custom_sydBeach.tmx"
      		},

      	{
         	"Name": "Custom_sydHouse",
         	"FromMapFile": "assets/maps/Custom_sydHouse.tmx"
      		},
   	],


  	"Changes": [
	//Loading empty jsons to edit for custom events at custom locations
	{
	    	"Action": "Load",
	    	"Target": "Data/Events/Custom_sydBeach",
	    	"FromFile": "data/events/CBL_events.json",
			},

	{
	    	"Action": "Load",
	    	"Target": "Data/Events/Custom_sydHouse",
	    	"FromFile": "data/events/CSH_events.json"
			},

	//Loading Custom Tilesheets
	{
		"LogName": "Custom Tilesheets Load",
          	"Action": "Load",
          	"Target": "Maps/Z_Sydney_House_Fall, Maps/Z_Sydney_House, Maps/Z_Sydney_House_winter, Maps/Z_Sydney_House_Fall_ERC, Maps/Z_Sydney_House_ERC, Maps/Z_Sydney_House_winter_ERC, Maps/z_Sydney_furniture, Maps/z_Sydney_townInterior, Maps/z_Sydney_walls_and_floors",
          	"FromFile": "assets/tileSheets/{{TargetWithoutPath}}.png",
     		 	},

  	//MapData Inclusion		
      	{
	   	"LogName": "Map Data Inclusion",
         	"Action": "Include",
         	"FromFile": "data/MapData/map_data.json",
	   	"Update": "OnLocationChange, OnTimeChange"
			},

	//Compatibility Inclusions
	{
		"LogName": "Seasonal Changes Inclusion ERC",
		"Action": "Include",
		"FromFile": "data/compatibility/seasonal_changes_ERC.json",
		"When": {
			"HasMod |contains=DaisyNiko.EarthyRecolour": "true"
				},
	},

	{
		"LogName": "SVE Compatibility",
		"Action": "Include",
		"FromFile": "data/compatibility/SVE.json",
		"When": {
			"HasMod |contains=FlashShifter.StardewValleyExpandedCP": "true"
				},
	},

	//NPC Manifestation Inclusion
	{
	   	"LogName": "NPC Inclusion",
         	"Action": "Include",
         	"FromFile": "data/characterData/Sydney_Data.json",
      			},

	//NPC Festival Data Inclusion
	{
	    	"LogName": "Festival Data Inclusion",
	    	"Action": "Include",
	    	"FromFile": "data/events/festival_data_sydney.json",
			},
	
	//Heart Event Inclusion
	{
	    	"LogName": "Heart Event Data Inclusion",
	    	"Action": "Include",
	    	"FromFile": "data/events/heart_event_data.json",
			},

	//Custom Gift Reaction Inclusion
	{
		"LogName": "Custom Gift Reaction Inclusion",
		"Action": "Include",
		"FromFile": "data/compatibility/Sydney_Custom_Gift_Reactions.json",
		"When": {
			"HasMod |contains=PurrplingCat.CustomGiftDialogue": "true"
				},
			},
   		],
}