{
	"Changes": [	

	//Vanilla

	//Spouse room/patio stuff
	{
	    	"Action": "EditData",
	    	"Target": "Data/SpouseRooms",
	    	"Entries": {
			"SydneyLex": "Sydney_Lex_SpouseRoom/0"
				},
	},

	{
	    	"Action": "Load",
	    	"Target": "Maps/Sydney_Lex_spouseRoom",
	    	"FromFile": "assets/maps/Sydney_SpouseRoom.tmx",
	},

 	{
          	"Action": "EditData",
          	"Target": "Data/SpousePatios",
          	"Entries": {
              		"SydneyLex": "Sydney_Lex_Patio/0"
           			},
      	},

      	{
          	"Action": "Load",
          	"Target": "Maps/Sydney_Lex_Patio",
          	"FromFile": "assets/maps/Sydney_Patio.tmx",
		"Update": "OnLocationChange, OnTimeChange",
	},

	//Seasonal Changes 
	{
		"LogName": "Sydney House Fall Change",
		"Action": "EditImage",
		"Target": "Maps/Z_Sydney_House",
		"FromFile": "assets/Tilesheets/Z_Sydney_House_fall.png",
		"When": {
			"season": "fall"
				},
		"Update": "OnLocationChange"
	},

	{
		"LogName": "Sydney House Winter Change",
		"Action": "EditImage",
		"Target": "Maps/Z_Sydney_House",
		"FromFile": "assets/Tilesheets/Z_Sydney_House_winter.png",
		"When": {
			"season": "winter"
				},
		"Update": "OnLocationChange"
		},
	],
}

