{
	"Changes": [
	//EGG FESTIVAL 
	{   
    	    	"Action": "EditData",
          		"Target": "Data/Festivals/spring13",
          		"TextOperations": [
  			{    
          		"Operation": "Append",
          		"Target": ["Entries", "Set-Up_additionalCharacters"],
          		"Value": "SydneyLex 25 54 2",
          		"Delimiter": "/"
	},

	{
          		"Operation": "Append",
          		"Target": ["Entries", "MainEvent_additionalCharacters"],
          		"Value": "SydneyLex 25 54 2",
          		"Delimiter": "/"
			},
 		]
	},

	//(Single Dialogue)
	{
	    	"Action": "EditData",
	    	"Target": "data/festivals/spring13",
	    	"Entries": {
			"SydneyLex": "{{i18n: single.spring13}}"
		},
	},

	//(Relationship Dialogue)
	{
	    	"Action": "EditData",
	    	"Target": "data/festivals/spring13",
	    	"Entries": {
			"SydneyLex": "{{i18n: relationship.spring13}}"
		      		},
           		"When": {
                		"Relationship:SydneyLex": "Dating, Engaged, Married"
            	}
	},

	//(Divorced Dialogue) 
	{
           		"Action": "EditData",
           		"Target": "Data/Festivals/spring13",
           		"Entries": {
                		"SydneyLex": "{{i18n: divorced.spring13}}"
            			},
           		"When": {
                	"Relationship:SydneyLex": "Divorced"
            		}
	},

//-------------------------------------------------------------------------------------

	//FLOWER DANCE
	{   
    	    	"Action": "EditData",
          		"Target": "Data/Festivals/spring24",
          		"TextOperations": [
  			{    
          		"Operation": "Append",
          		"Target": ["Entries", "Set-Up_additionalCharacters"],
          		"Value": "SydneyLex 11 20 2",
          		"Delimiter": "/"
	},

	{
          		"Operation": "Append",
          		"Target": ["Entries", "MainEvent_additionalCharacters"],
          		"Value": "SydneyLex 11 20 2",
          		"Delimiter": "/"
			},
 		]
	},

	//(Single Dialogue)
	{
	    	"Action": "EditData",
	    	"Target": "data/festivals/spring24",
	    	"Entries": {
			"SydneyLex": "{{i18n: single.spring24}}"
		},
	},

	//(Relationship Dialogue)
	{
	    	"Action": "EditData",
	    	"Target": "data/festivals/spring24",
	    	"Entries": {
			"SydneyLex": "{{i18n: relationship.spring24}}"
		      		},
           		"When": {
                		"Relationship:SydneyLex": "Dating, Engaged, Married"
            	}
	},

	//(Divorced Dialogue) 
	{
           		"Action": "EditData",
           		"Target": "Data/Festivals/spring24",
           		"Entries": {
                		"SydneyLex": "{{i18n: divorced.spring24}}"
            			},
           		"When": {
                	"Relationship:SydneyLex": "Divorced"
            		}
	},

//-------------------------------------------------------------------------------------

	//LUAU
	{   
    	    	"Action": "EditData",
          		"Target": "Data/Festivals/summer11",
          		"TextOperations": [
  			{    
          		"Operation": "Append",
          		"Target": ["Entries", "Set-Up_additionalCharacters"],
          		"Value": "SydneyLex 39 7 2",
          		"Delimiter": "/"
	},

      	{
          		"Operation": "Append",
          		"Target": ["Entries", "MainEvent_additionalCharacters"],
          		"Value": "SydneyLex 39 7 2",
          		"Delimiter": "/"
			},
 		]
	},

	//(Single Dialogue)
	{
	    	"Action": "EditData",
	    	"Target": "data/festivals/summer11",
	    	"Entries": {
			"SydneyLex": "{{i18n: single.summer11}}"
		},
	},

	//(Relationship Dialogue)
	{
	    	"Action": "EditData",
	    	"Target": "data/festivals/summer11",
	    	"Entries": {
			"SydneyLex": "{{i18n: relationship.summer11}}"
		      		},
           		"When": {
                		"Relationship:SydneyLex": "Dating, Engaged, Married"
            	}
	},

	//(Divorced Dialogue) 
	{
           		"Action": "EditData",
           		"Target": "Data/Festivals/summer11",
           		"Entries": {
                		"SydneyLex": "{{i18n: divorced.summer11}}"
            			},
           		"When": {
                		"Relationship:SydneyLex": "Divorced"
            	}
	},

//-------------------------------------------------------------------------------------

	//MOONLIGHT JELLIES
	{   
    	    	"Action": "EditData",
          		"Target": "Data/Festivals/summer28",
          		"TextOperations": [
  			{    
          		"Operation": "Append",
          		"Target": ["Entries", "Set-Up_additionalCharacters"],
          		"Value": "SydneyLex 13 39 2",
          		"Delimiter": "/"
			},
		],
	},
	
	//(Single Dialogue)
	{
	    	"Action": "EditData",
	    	"Target": "data/festivals/summer28",
	    	"Entries": {
			"SydneyLex": "{{i18n: single.summer28}}"
		},
	},

	//(Relationship Dialogue)
	{
	    	"Action": "EditData",
	    	"Target": "data/festivals/summer28",
	    	"Entries": {
			"SydneyLex": "{{i18n: relationship.summer28}}"
		      		},
           		"When": {
                		"Relationship:SydneyLex": "Dating, Engaged, Married"
            	}
	},

	//(Divorced Dialogue) 
	{
           		"Action": "EditData",
           		"Target": "Data/Festivals/summer28",
           		"Entries": {
                		"SydneyLex": "{{i18n: divorced.summer28}}"
            			},
           		"When": {
                		"Relationship:SydneyLex": "Divorced"
            	}
	},

//-------------------------------------------------------------------------------------

	//FAIR
	{   
    	    	"Action": "EditData",
          		"Target": "Data/Festivals/fall16",
          		"TextOperations": [
  			{    
          		"Operation": "Append",
          		"Target": ["Entries", "Set-Up_additionalCharacters"],
          		"Value": "SydneyLex 26 71 2",
          		"Delimiter": "/"
			},
		],
	},

	//(Single Dialogue)
	{
	    	"Action": "EditData",
	    	"Target": "data/festivals/fall16",
	    	"Entries": {
			"SydneyLex": "{{i18n: single.fall16}}"
		},
	},

	//(Relationship Dialogue)
	{
	    	"Action": "EditData",
	    	"Target": "data/festivals/fall16",
	    	"Entries": {
			"SydneyLex": "{{i18n: relationship.fall16}}"
		      		},
           		"When": {
                		"Relationship:SydneyLex": "Dating, Engaged, Married"
            	}
	},

	//(Divorced Dialogue) 
	{
           		"Action": "EditData",
           		"Target": "Data/Festivals/fall16",
           		"Entries": {
                		"SydneyLex": "{{i18n: divorced.fall16}}"
            			},
           		"When": {
                		"Relationship:SydneyLex": "Divorced"
            	}
	},

//-------------------------------------------------------------------------------------

	//SPIRIT'S EVE
	{   
    	    	"Action": "EditData",
          		"Target": "Data/Festivals/fall27",
          		"TextOperations": [
  			{    
          		"Operation": "Append",
          		"Target": ["Entries", "Set-Up_additionalCharacters"],
          		"Value": "SydneyLex 28 61 1",
          		"Delimiter": "/"
			},
		],
	},

	//(Single Dialogue)
	{
	    	"Action": "EditData",
	    	"Target": "data/festivals/fall27",
	    	"Entries": {
			"SydneyLex": "{{i18n: single.fall27}}"
		},
	},

	//(Relationship Dialogue)
	{
	    	"Action": "EditData",
	    	"Target": "data/festivals/fall27",
	    	"Entries": {
			"SydneyLex": "{{i18n: relationship.fall27}}"
		      		},
           		"When": {
                		"Relationship:SydneyLex": "Dating, Engaged, Married"
            	}
	},

	//(Divorced Dialogue) 
	{
           		"Action": "EditData",
           		"Target": "Data/Festivals/fall27",
           		"Entries": {
                		"SydneyLex": "{{i18n: divorced.fall27}}"
            			},
           		"When": {
                		"Relationship:SydneyLex": "Divorced"
            	}
	},

//-------------------------------------------------------------------------------------

	//ICE FISHING 
	{   
    	    	"Action": "EditData",
          		"Target": "Data/Festivals/winter8",
          		"TextOperations": [
  			{    
          		"Operation": "Append",
          		"Target": ["Entries", "Set-Up_additionalCharacters"],
          		"Value": "SydneyLex 75 31 2",
          		"Delimiter": "/"
	},

	{
          		"Operation": "Append",
          		"Target": ["Entries", "MainEvent_additionalCharacters"],
          		"Value": "SydneyLex 75 31 2",
          		"Delimiter": "/"
			},
		],
	},

	//(Single Dialogue)
	{
	    	"Action": "EditData",
	    	"Target": "data/festivals/winter8",
	    	"Entries": {
			"SydneyLex": "{{i18n: single.winter8}}"
		},
	},

	//(Relationship Dialogue)
	{
	    	"Action": "EditData",
	    	"Target": "data/festivals/winter8",
	    	"Entries": {
			"SydneyLex": "{{i18n: relationship.winter8}}"
		      		},
           		"When": {
                		"Relationship:SydneyLex": "Dating, Engaged, Married"
            	}
	},

	//(Divorced Dialogue) 
	{
           		"Action": "EditData",
           		"Target": "Data/Festivals/winter8",
           		"Entries": {
                		"SydneyLex": "{{i18n: divorced.winter8}}"
            			},
           		"When": {
                		"Relationship:SydneyLex": "Divorced"
            	}
	},

//-------------------------------------------------------------------------------------

	//FEAST OF THE WINTER STAR
	{   
    	    	"Action": "EditData",
          		"Target": "Data/Festivals/winter25",
          		"TextOperations": [
  			{    
          		"Operation": "Append",
          		"Target": ["Entries", "Set-Up_additionalCharacters"],
          		"Value": "SydneyLex 42 57 2",
          		"Delimiter": "/"
			},
		],
	},

	//(Single Dialogue)
	{
	    	"Action": "EditData",
	    	"Target": "data/festivals/winter25",
	    	"Entries": {
			"SydneyLex": "{{i18n: single.winter25}}"
		},
	},

	//(Relationship Dialogue)
	{
	    	"Action": "EditData",
	    	"Target": "data/festivals/winter25",
	    	"Entries": {
			"SydneyLex": "{{i18n: relationship.winter25}}"
		      		},
           		"When": {
                		"Relationship:SydneyLex": "Dating, Engaged, Married"
            	}
	},

	//(Divorced Dialogue) 
	{
           		"Action": "EditData",
           		"Target": "Data/Festivals/winter25",
           		"Entries": {
                		"SydneyLex": "{{i18n: divorced.winter25}}"
            			},
           		"When": {
                		"Relationship:SydneyLex": "Divorced"
			},
		},
	],
}
