{
	"Changes": [

	//4 Heart Event 6:00 am - 12:00 am 
	{
	    	"LogName": "SydneyEvent4_2",
	    	"Action": "EditData",
	    	"Target": "Data/Events/Custom_sydHouse",
	    	"Entries": {
			"141583/t 600 1700/F/n Sydney.Sydney_Lex_4": "breezy/12 20/farmer 8 26 0 SydneyLex 6 21 0/skippable/viewport -1000 -1000/changeLocation Custom_sydHouse/viewport 12 20 true/warp farmer 8 26 0/warp SydneyLex 6 21 0/pause 500/move farmer 0 -2 0/pause 500/emote farmer 40/pause 150/faceDirection farmer 3/pause 250/faceDirection farmer 1/pause 500/faceDirection farmer 0/pause 350/move farmer 0 -3 3/pause 350/emote farmer 8/faceDirection SydneyLex 1/pause 250/emote SydneyLex 32/speak SydneyLex \"{{i18n:4heart.00}}\"/emote farmer 8/pause 250/speak SydneyLex \"{{i18n:4heart.01}}\"/emote SydneyLex 40/pause 250/emote SydneyLex 40/pause 250/emote SydneyLex 40/pause 500/speak SydneyLex \"{{i18n:4heart.02}}\"/pause 250/emote SydneyLex 40/pause 250/speak SydneyLex \"{{i18n:4heart.03}}\"/question fork1 \"#{{i18n:4heart.04}}#{{i18n:4heart.05}}\"/fork 141583_ReadLetter/friendship SydneyLex 50/speak SydneyLex \"{{i18n:4heart.06}}\"/quickQuestion #{{i18n:4heart.07}}#{{i18n:4heart.08}}(break)speak SydneyLex \"{{i18n:4heart.09}}\"(break)speak SydneyLex \"{{i18n:4heart.10}}\"/quickQuestion #{{i18n:4heart.11}}#{{i18n:4heart.12}}(break)speak SydneyLex \"{{i18n:4heart.13}}\"(break)speak SydneyLex \"{{i18n:4heart.14}}\"/pause 500/emote SydneyLex 28/pause 250/speak SydneyLex \"{{i18n:4heart.15}}\"/pause 500/emote farmer 32/pause 500/globalFade/viewport -1000 -1000/end warpOut",

			"141583_ReadLetter": "friendship SydneyLex -50/speak SydneyLex \"{{i18n:4heart.readLetter.00}}\"/quickQuestion #{{i18n:4heart.readLetter.01}}#{{i18n:4heart.readLetter.02}}(break)speak SydneyLex \"{{i18n:4heart.readLetter.03}}\"(break)speak SydneyLex \"{{i18n:4heart.readLetter.04}}\"/pause 250/shake SydneyLex 400/emote SydneyLex 28/pause 400/speak SydneyLex \"{{i18n:4heart.readLetter.05}}\"/pause 350/emote farmer 28/pause 500/globalFade/viewport -1000 -1000/end warpOut"
					},
	},

	//6 Heart Event 8:00 pm - 12:00 am 
	{
	    	"LogName": "SydneyEvent6",
	    	"Action": "EditData",
	    	"Target": "Data/Events/Mountain",
	    	"Entries": {
			"141584/f SydneyLex 1500/t 2000 2400": "musicboxsong/14 28/farmer 13 35 0 SydneyLex 13 27 3 Demetrius 11 27 1/skippable/move farmer 0 -2 0/pause 500/emote farmer 8/speak Demetrius \"{{i18n:6heart.00}}\"/pause 500/emote SydneyLex 28/pause 250/speak SydneyLex \"{{i18n:6heart.01}}\"/pause 500/emote Demetrius 12/pause 250/speak Demetrius \"{{i18n:6heart.02}}\"/pause 500/emote SydneyLex 20/pause 250/speak SydneyLex \"{{i18n:6heart.03}}\"/move farmer 0 1 2/pause 500/faceDirection Demetrius 2/faceDirection SydneyLex 2/emote SydneyLex 40/pause 250/emote SydneyLex 8/speak SydneyLex \"{{i18n:6heart.04}}\"/pause 250/emote farmer 60/pause 350/faceDirection farmer 0/move farmer 0 -2 0/pause 250/speak Demetrius \"{{i18n:6heart.05}}\"/pause 250/faceDirection Demetrius 1/faceDirection SydneyLex 3/speak Demetrius \"{{i18n:6heart.06}}\"/pause 250/speak SydneyLex \"{{i18n:6heart.07}}\"/pause 250/ignoreCollisions Demetrius/move Demetrius 1 0 0/move Demetrius 0 -1 0/playSound doorClose/warp Demetrius -100 -100 0/pause 1000/faceDirection SydneyLex 2/move farmer 0 -2 0/pause 500/speak SydneyLex \"{{i18n:6heart.08}}\"/quickQuestion #{{i18n:6heart.09}}#{{i18n:6heart.10}}(break)speak SydneyLex \"{{i18n:6heart.11}}\"(break)speak SydneyLex \"{{i18n:6heart.12}}\"/quickQuestion #{{i18n:6heart.13}}#{{i18n:6heart.14}}(break)speak SydneyLex \"{{i18n:6heart.15}}\"(break)speak SydneyLex \"{{i18n:6heart.16}}\"/pause 500/emote farmer 28/pause 250/speak SydneyLex \"{{i18n:6heart.17}}\"/quickQuestion #{{i18n:6heart.18}}#{{i18n:6heart.19}}(break)speak SydneyLex \"{{i18n:6heart.20}}\"(break)speak SydneyLex \"{{i18n:6heart.21}}\"/message \"{{i18n:6heart.22}}\"/pause 400/emote SydneyLex 40/pause 500/speak SydneyLex \"{{i18n:6heart.23}}\"/pause 250/emote SydneyLex 40/pause 500/shake SydneyLex 450/pause 350/emote SydneyLex 28/pause 450/speak SydneyLex \"{{i18n:6heart.24}}\"/pause 250/emote SydneyLex 40/pause 250/speak SydneyLex \"{{i18n:6heart.25}}\"/question fork1 \"#{{i18n:6heart.26}}#{{i18n:6heart.27}}\"/fork 141584_e/friendship SydneyLex 50/speak SydneyLex \"{{i18n:6heart.28}}\"/quickQuestion #{{i18n:6heart.29}}#{{i18n:6heart.30}}#{{i18n:6heart.31}}(break)speak SydneyLex \"{{i18n:6heart.32}}\"(break)speak SydneyLex \"{{i18n:6heart.33}}\"(break)speak SydneyLex \"{{i18n:6heart.34}}\"/pause 750/emote SydneyLex 40/pause 250/speak SydneyLex \"{{i18n:6heart.35}}\"/quickQuestion #{{i18n:6heart.36}}#{{i18n:6heart.37}}(break)speak SydneyLex \"{{i18n:6heart.38}}\"(break)speak SydneyLex \"{{i18n:6heart.39}}\"/pause 250/speak SydneyLex \"{{i18n:6heart.40}}\"/pause 250/move SydneyLex 1 0 2/move SydneyLex 0 12 2 true/pause 1500/faceDirection farmer 2/pause 3050/warp SydneyLex -100 -100 2/pause 500/emote farmer 40/pause 250/globalFade/viewport -1000 -1000/end",
				"141584_e": "pause 250/friendship SydneyLex -1500/speak SydneyLex \"{{i18n:6heart.e.00}}\"/pause 250/move farmer 0 6 2/warp farmer -100 -100/pause 350/speak SydneyLex \"{{i18n:6heart.e.01}}\"/pause 300/globalFade/viewport -1000 -1000/end"
					},
	},

	//8 Heart Event 11:00 am - 6:00 pm
	{
	    	"LogName": "SydneyEvent8",
          		"Action": "EditData",
          		"Target": "Data/Events/Mountain",
          		"Entries": {
			"141585/f SydneyLex 2000/t 1100 1800/w sunny/z winter/n Sydney.Sydney_Lex_8": "spring_day_ambient/40 30/farmer 39 30 1 SydneyLex 41 30 1 Jas 57 33 1 Vincent 57 34 1 Penny -1001 -1001 2 Jodi -1002 -1002 2/skippable/removeTemporarySprites/makeInvisible 23 30 10 30/pause 750/faceDirection SydneyLex 3/speak SydneyLex \"{{i18n:8heart.00}}\"/faceDirection SydneyLex 1/move SydneyLex 0 2 1/move SydneyLex 6 0 1 true/emote farmer 12/viewport move 2 0 11000 true/move SydneyLex 0 3 1/move farmer 0 2 1/move farmer 7 0 1 true/move SydneyLex 4 0 1 true/move farmer 0 2 1/move farmer 5 0 1/faceDirection farmer 2/emote farmer 8/speak SydneyLex \"{{i18n:8heart.01}}\"/emote Vincent 32/pause 250/emote Jas 60/pause 500/emote Jas 40/quickQuestion #{{i18n:8heart.02}}#{{i18n:8heart.03}}(break)speak SydneyLex \"{{i18n:8heart.04}}\"(break)speak SydneyLex \"{{i18n:8heart.05}}\"/pause 250/textAboveHead Vincent \"{{i18n:8heart.06}}\"/move Vincent 1 0 1/jump Vincent 8/move Vincent 1 0 1/playSound waterSlosh/swimming Vincent/faceDirection farmer 1/emote Jas 16/warp Vincent -1000 -1000/playSound gulp/playSound bubbles/pause 500/quickQuestion #{{i18n:8heart.07}}#{{i18n:8heart.08}}(break)speak SydneyLex \"{{i18n:8heart.09}}\"(break)speak SydneyLex \"{{i18n:8heart.10}}\"/pause 250/shake Jas 300/pause 100/textAboveHead Jas \"{{i18n:8heart.11}}\"/pause 1000/textAboveHead Jas \"{{i18n:8heart.12}}\"/pause 250/shake Jas 500/emote SydneyLex 16/emote farmer 16/faceDirection Jas 0/faceDirection Jas 2/faceDirection Jas 1/shake Jas 250/speak Jas \"{{i18n:8heart.13}}\"/pause 400/pause 250/speak SydneyLex \"{{i18n:8heart.14}}\"/pause 400/warp Vincent 62 35 3/shake Vincent 350/warp Vincent -1000 -1000/faceDirection farmer 2/emote farmer 16/speak SydneyLex \"{{i18n:8heart.15}}\"/speak Jas \"{{i18n:8heart.16}}\"/pause 400/warp Vincent 62 35 3/shake Vincent 300/warp Vincent -1000 -1000/speak SydneyLex \"{{i18n:8heart.17}}\"/faceDirection farmer 1/move farmer 1 0 1/shake SydneyLex 500/speak SydneyLex \"{{i18n:8heart.18}}\"/move SydneyLex 1 0 1/speed SydneyLex 6/move SydneyLex 7 0 1/jump SydneyLex 9/move SydneyLex 1 0 1/playSound waterSlosh/swimming SydneyLex/pause 500/warp SydneyLex -104 -104/emote farmer 16/move farmer 0 1 1/speed farmer 5/move farmer 6 0 1/pause 500/emote farmer 16/faceDirection farmer 2/faceDirection farmer 0/faceDirection Jas 2/faceDirection farmer 1/faceDirection Jas 1/playSound waterSlosh/emote Jas 28/pause 750/emote farmer 40/playSound waterSlosh/pause 750/faceDirection farmer 0/faceDirection farmer 2/faceDirection farmer 1/emote farmer 40/pause 1000/warp SydneyLex 61 35 3/pause 250/warp Vincent 62 35 3/pause 250/textAboveHead SydneyLex \"{{i18n:8heart.19}}\"/emote Jas 16/pause 500/move SydneyLex -1 0 3 true/move Vincent -1 0 3/pause 250/textAboveHead SydneyLex \"{{i18n:8heart.20}}\"/pause 500/warp Penny 17 33 1/pause 1000/globalFade/viewport -1500 -1500/stopSwimming Vincent/stopSwimming SydneyLex/stopMusic/warp Jodi 14 30 2/warp Vincent 15 30 2/warp Penny 17 30 2/warp SydneyLex 15 32 0/faceDirection farmer 3/faceDirection SydneyLex 0/faceDirection Vincent 2/warp farmer 18 32 3/playMusic Cloth/pause 500/fade false/viewport 15 32 clamp true/pause 1500/speak Jodi \"{{i18n:8heart.21}}\"/pause 250/speak Penny \"{{i18n:8heart.22}}\"/shake Penny 250/pause 100/speak Penny \"{{i18n:8heart.23}}\"/shake Vincent 250/speak SydneyLex \"{{i18n:8heart.24}}\"/pause 250/speak Jodi \"{{i18n:8heart.25}}\"/pause 250/speak Penny \"{{i18n:8heart.26}}\"/shake Vincent 250/speak Jodi \"{{i18n:8heart.27}}\"/pause 250/emote SydneyLex 40/pause 250/speak SydneyLex \"{{i18n:8heart.28}}\"/pause 250/speak Penny \"{{i18n:8heart.29}}\"/pause 250/speak SydneyLex \"{{i18n:8heart.30}}\"/pause 250/emote Jodi 32/pause 500/emote Penny 32/pause 500/shake Vincent 250/speak Jodi \"{{i18n:8heart.31}}\"/faceDirection Jodi 1/pause 250/faceDirection Vincent 3/pause 250/speak Jodi \"{{i18n:8heart.32}}\"/pause 500/shake Vincent 250/emote Vincent 32/speak Vincent \"{{i18n:8heart.33}}\"/faceDirection Vincent 2/pause 250/move Jodi 0 6 2/move Vincent -1 0 2 true/faceDirection Jodi 0/move Vincent 0 2 2/faceDirection Vincent 1/pause 250/shake Vincent 150/pause 350/faceDirection SydneyLex 3/pause 250/textAboveHead Vincent \"{{i18n:8heart.34}}\"/pause 250/faceDirection Vincent 2 true/move Vincent 0 6 2 true/faceDirection SydneyLex 2/move Jodi 1 0 2 true/move Vincent 1 0 2/move Vincent 0 4 2 true/move Jodi 0 4 2/warp Vincent -101 -101/warp Jodi -100 -100/move Penny 0 7 2/move Penny -1 0 2/move Penny 0 4 2/warp Penny -103 -103/pause 1500/emote SydneyLex 40/pause 250/faceDirection SydneyLex 1/quickQuestion #{{i18n:8heart.35}}#{{i18n:8heart.36}}(break)speak SydneyLex \"{{i18n:8heart.37}}\"(break)speak SydneyLex \"{{i18n:8heart.38}}\"/pause 250/emote SydneyLex 40/pause 250/speak SydneyLex \"{{i18n:8heart.39}}\"/pause 250/quickQuestion #{{i18n:8heart.40}}#{{i18n:8heart.41}}(break)speak SydneyLex \"{{i18n:8heart.42}}\"(break)speak SydneyLex \"{{i18n:8heart.43}}\"/pause 250/speak SydneyLex \"{{i18n:8heart.44}}\"/pause 250/quickQuestion #{{i18n:8heart.45}}#{{i18n:8heart.46}}(break)speak SydneyLex \"{{i18n:8heart.47}}\"(break)speak SydneyLex \"{{i18n:8heart.48}}\"/pause 250/speak SydneyLex \"{{i18n:8heart.49}}\"/pause 300/emote farmer 32/emote SydneyLex 40/pause 250/speak SydneyLex \"{{i18n:8heart.50}}\"/emote farmer 8/pause 250/speak SydneyLex \"{{i18n:8heart.51}}\"/pause 250/globalFade/viewport -1000 -1000/end",
					},
	},

	//10 Heart Event 10:00 pm - 12:00 pm
	{
	    	"LogName": "SydneyEvent10",
          		"Action": "EditData",
	    	"Target": "Data/Events/Beach",
          		"Entries": {
			"141586/f SydneyLex 2500/t 2200 2400/w sunny/F/z winter/n Sydney.Sydney_Lex_10": "moonlightJellies/74 24/farmer 66 24 1 SydneyLex 73 31 3/swimming SydneyLex/pause 500/move farmer 7 0 1/faceDirection SydneyLex 0/pause 250/emote SydneyLex 16/pause 200/speak SydneyLex \"{{i18n:10heart.00}}\"/faceDirection farmer 2/pause 250/emote farmer 16/pause 350/speak SydneyLex \"{{i18n:10heart.01}}\"/pause 250/emote farmer 60/pause 150/fade false/viewport 63 40/fade true/swimming farmer/warp SydneyLex 62 40/faceDirection SydneyLex 1/warp farmer 64 40/faceDirection farmer 3/pause 750/emote farmer 32/pause 500/emote SydneyLex 32/pause 500/speak SydneyLex \"{{i18n:10heart.02}}\"/pause 250/quickQuestion #{{i18n:10heart.03}}#{{i18n:10heart.04}}#{{i18n:10heart.05}}(break)speak SydneyLex \"{{i18n:10heart.06}}\"(break)speak SydneyLex \"{{i18n:10heart.07}}\"(break)speak SydneyLex \"{{i18n:10heart.08}}\"/pause 350/emote SydneyLex 40/pause 500/speak SydneyLex \"{{i18n:10heart.09}}\"/pause 250/emote SydneyLex 40/pause 250/speak SydneyLex \"{{i18n:10heart.10}}\"/pause 250/emote farmer 60/pause 500/emote SydneyLex 40/pause 500/speak SydneyLex \"{{i18n:10heart.11}}\"/quickQuestion #{{i18n:10heart.12}}#{{i18n:10heart.13}}(break)speak SydneyLex \"{{i18n:10heart.14}}\"(break)speak SydneyLex \"{{i18n:10heart.15}}\"/pause 250/emote SydneyLex 40/pause 400/speak SydneyLex \"{{i18n:10heart.16}}\"/pause 250/emote SydneyLex 40/pause 500/speak SydneyLex \"{{i18n:10heart.17}}\"/pause 400/speak SydneyLex \"{{i18n:10heart.18}}\"/pause 350/question fork1 \"#{{i18n:10heart.19}}#{{i18n:10heart.20}}\"/fork r/pause 250/speak SydneyLex \"{{i18n:10heart.21}}\"/pause 250/emote SydneyLex 40/pause 500/speak SydneyLex \"{{i18n:10heart.22}}\"/pause 350/speed farmer 2/move farmer -1 0 1 /showFrame farmer 101/showFrame SydneyLex 28/globalFade/viewport -1000 -1000/stopSwimming farmer/stopSwimming SydneyLex/end newDay",
		"r": "pause 250/speak SydneyLex \"{{i18n:10heart.r.00}}\"/move SydneyLex 0 -12 0 true/friendship SydneyLex -2500/globalFade/viewport -1000 -1000/stopSwimming farmer/stopSwimming SydneyLex/end newDay"
			},
		},
   	],
}
