{
	"Changes": [	
	//Earthy Recolor Compatibility
	{
		"LogName": "Earthy Recolour Patch Spring",
		"Action": "EditImage",
		"Target": "maps/Z_Sydney_House",
		"FromFile": "assets/Tilesheets/Z_Sydney_House_ERC.png",
		"When": {
			"season": "spring, summer"
				},
		"Update": "OnLocationChange"
	},

	{
		"LogName": "Earthy Recolour Patch Fall",
		"Action": "EditImage",
		"Target": "maps/Z_Sydney_House",
		"FromFile": "assets/Tilesheets/Z_Sydney_House_fall_ERC.png",
		"When": {
			"season": "fall"
				},
		"Update": "OnLocationChange"
	},

	{
		"LogName": "Earthy Recolour Patch Winter",
		"Action": "EditImage",
		"Target": "maps/Z_Sydney_House",
		"FromFile": "assets/Tilesheets/Z_Sydney_House_winter_ERC.png",
		"When": {
			"season": "winter"
				},
		"Update": "OnLocationChange"
		},
	],
}