{
	"Changes": [
	//Patches for Custom_BlueMoonVineyard
	{
		"Action": "EditMap",
		"Target": "maps/Custom_BlueMoonVineyard",
		"MapTiles": [
			{
				"Position": { "X": 56, "Y": 61 },
				"Layer": "Back",
				"SetProperties": {
					"TouchAction": "LoadMap Custom_sydBeach 0 5 1"
						},
					},
				],
		"Update": "OnLocationChange"
	},

	{
		"Action": "EditMap",
		"Target": "maps/Custom_BlueMoonVineyard",
		"MapTiles": [
			{
				"Position": { "X": 56, "Y": 62 },
				"Layer": "Back",
				"SetProperties": {
					"TouchAction": "LoadMap Custom_sydBeach 0 5 1"
						},
					},
				],
		"Update": "OnLocationChange"
	},

	{
		"Action": "EditMap",
		"Target": "maps/Custom_BlueMoonVineyard",
		"MapTiles": [
			{
				"Position": { "X": 56, "Y": 63 },
				"Layer": "Back",
				"SetProperties": {
					"TouchAction": "LoadMap Custom_sydBeach 0 6 1"
						},
					},
				],
		"Update": "OnLocationChange"
	},

	{
		"Action": "EditMap",
		"Target": "maps/Custom_BlueMoonVineyard",
		"MapTiles": [
			{
				"Position": { "X": 56, "Y": 64 },
				"Layer": "Back",
				"SetProperties": {
					"TouchAction": "LoadMap Custom_sydBeach 0 6 1"
						},
					},
				],
		"Update": "OnLocationChange"
	},

	//Patches for Beach
	{
		"Action": "EditMap",
		"Target": "maps/Beach",
		"MapTiles": [
			{
				"Position": { "X": 0, "Y": 4 },
				"Layer": "Back",
				"SetProperties": {
					"TouchAction": "LoadMap Custom_sydBeach 44 5 3"
						},
					},
				],
		"Update": "OnLocationChange"
	},

	{
		"Action": "EditMap",
		"Target": "maps/Beach",
		"MapTiles": [
			{
				"Position": { "X": 0, "Y": 5 },
				"Layer": "Back",
				"SetProperties": {
					"TouchAction": "LoadMap Custom_sydBeach 44 5 3"
						},
					},
				],
		"Update": "OnLocationChange"
	},

	{
		"Action": "EditMap",
		"Target": "maps/Beach",
		"MapTiles": [
			{
				"Position": { "X": 0, "Y": 6 },
				"Layer": "Back",
				"SetProperties": {
					"TouchAction": "LoadMap Custom_sydBeach 44 5 3"
						},
					},
				],
		"Update": "OnLocationChange"
	},

	{
		"Action": "EditMap",
		"Target": "maps/Beach",
		"MapTiles": [
			{
				"Position": { "X": 0, "Y": 7 },
				"Layer": "Back",
				"SetProperties": {
					"TouchAction": "LoadMap Custom_sydBeach 44 5 3"
						},
					},
				],
		"Update": "OnLocationChange"
		},
	],
}

