{
"Changes": [

		{
	"Action": "EditData",
      "Target": "Characters/Dialogue/SydneyLex",
      "Entries": {
		//Loved, Non-Birthday
        	"GiftReaction_Pearl": "{{i18n:sydney.pearl.00}}",
        	"GiftReaction_Salmon_Dinner": "{{i18n:sydney.salmon_dinner.00}}",
        	"GiftReaction_Squid_Ink_Ravioli": "{{i18n:sydney.squid_ink_ravioli.00}}",
        	"GiftReaction_Mango_Sticky Rice": "{{i18n:sydney.mago_sticky_rice.00}}",
        	"GiftReaction_Ghostfish": "{{i18n:sydney.ghostfish.00}}",
		"GiftReaction_Fruit_Salad": "{{i18n:sydney.fruit_salad.00}}",

		//Loved, Birthday
		"GiftReaction_Pearl_Birthday": "{{i18n:sydney.pearl.01}}",
        	"GiftReaction_Salmon_Dinner_Birthday": "{{i18n:sydney.salmon_dinner.01}}",
        	"GiftReaction_Squid_Ink_Ravioli_Birthday": "{{i18n:sydney.squid_ink_ravioli.01}}",
        	"GiftReaction_Mango_Sticky Rice_Birthday": "{{i18n:sydney.mago_sticky_rice.01}}",
        	"GiftReaction_Ghostfish_Birthday": "{{i18n:sydney.ghostfish.01}}",
		"GiftReaction_Fruit_Salad_Birthday": "{{i18n:sydney.fruit_salad.01}}",

		//Liked, Non-Birthday
		"GiftReaction_Sashimi": "{{i18n:sydney.sashimi.00}}",
		"GiftReaction_Maki_Roll": "{{i18n:sydney.maki_roll.00}}",
		"GiftReaction_Dish_O'_The_Sea": "{{i18n:sydney.dish_o_the_sea.00}}",
		"GiftReaction_Aquamarine": "{{i18n:sydney.aquamarine.00}}",
		"GiftReaction_Amethyst": "{{i18n:sydney.amethyst.00}}",
		"GiftReaction_Coconut": "{{i18n:sydney.cocnut.00}}",
		"GiftReaction_Rainbow_Shell": "{{i18n:sydney.rainbow_shell.00}}",
		"GiftReaction_Mango": "{{i18n:sydney.mango.00}}",
		"GiftReaction_Wine": "{{i18n:sydney.wine.00}}",

		//Liked, Birthday
		"GiftReaction_Sashimi_Birthday": "{{i18n:sydney.sashimi.01}}",
		"GiftReaction_Maki_Roll_Birthday": "{{i18n:sydney.maki_roll.01}}",
		"GiftReaction_Dish_O'_The_Sea_Birthday": "{{i18n:sydney.dish_o_the_sea.01}}",
		"GiftReaction_Aquamarine_Birthday": "{{i18n:sydney.aquamarine.01}}",
		"GiftReaction_Amethyst_Birthday": "{{i18n:sydney.amethyst.01}}",
		"GiftReaction_Coconut_Birthday": "{{i18n:sydney.cocnut.01}}",
		"GiftReaction_Rainbow_Shell_Birthday": "{{i18n:sydney.rainbow_shell.01}}",
		"GiftReaction_Mango_Birthday": "{{i18n:sydney.mango.01}}",
		"GiftReaction_Wine_Birthday": "{{i18n:sydney.wine.01}}",

		//Hate, Non-Birthday
		"GiftReaction_Red_Mushroom": "{{i18n:sydney.red_mushroom.00}}",
		"GiftReaction_Chocolate_Cake": "{{i18n:sydney.chocolate_cake.00}}",
		"GiftReaction_Seaweed": "{{i18n:sydney.seaweed.00}}",
		"GiftReaction_Clay": "{{i18n:sydney.clay.00}}",
		"GiftReaction_Duck_Mayonnaise": "{{i18n:sydney.duck_mayonaise.00}}",

		//Hate, Birthday
		"GiftReaction_Red_Mushroom_Birthday": "{{i18n:sydney.red_mushroom.01}}",
		"GiftReaction_Chocolate_Cake_Birthday": "{{i18n:sydney.chocolate_cake.01}}",
		"GiftReaction_Seaweed_Birthday": "{{i18n:sydney.seaweed.01}}",
		"GiftReaction_Clay_Birthday": "{{i18n:sydney.clay.01}}",
		"GiftReaction_Duck_Mayonnaise_Birthday": "{{i18n:sydney.duck_mayonaise.01}}",
		
      			},
	"When": {
            "Hearts:SydneyLex": "{{Range: 0, 8}}",
            "Relationship:SydneyLex |contains=Dating, Engaged, Married": false,
			},
    		},
  	],
}